ROOTNAME,OPT_ELEM,CENWAVE,APERTURE,EXPTYPE,OBSTYPE,OBSMODE,PROGRAM,LIFE_ADJ,DATE-OBS
la8n01qoq,G160M,1600,WCA,WAVECAL,SPECTROSCOPIC,TIME-TAG, ,1,6/27/09
la7803fiq,N/A,0,N/A,DARK,IMAGING,TIME-TAG, ,-999,6/6/09
la7803fkq,G160M,1600,WCA,WAVECAL,SPECTROSCOPIC,TIME-TAG, ,-1,6/6/09
la7u03a3q,N/A,0,N/A,DARK,IMAGING,TIME-TAG, ,-999,5/28/09
la7u04vqq,N/A,0,N/A,DARK,IMAGING,TIME-TAG, ,-999,5/30/09
la7u04w0q,N/A,0,N/A,DARK,IMAGING,TIME-TAG, ,-999,5/30/09
la7u05xoq,G185M,1850,FCA,FLAT,SPECTROSCOPIC,TIME-TAG, ,-1,5/31/09
la7v01dmq,G185M,1850,WCA,WAVECAL,SPECTROSCOPIC,TIME-TAG, ,-1,6/1/09
la7v01doq,G225M,2250,WCA,WAVECAL,SPECTROSCOPIC,TIME-TAG, ,-1,6/1/09
la7v01dqq,G285M,2850,WCA,WAVECAL,SPECTROSCOPIC,TIME-TAG, ,-1,6/1/09
la7v01dsq,G230L,2950,WCA,WAVECAL,SPECTROSCOPIC,TIME-TAG, ,-1,6/1/09
la7v01duq,MIRRORA,0,WCA,WAVECAL,IMAGING,TIME-TAG, ,-1,6/1/09
la7v01dwq,MIRRORB,0,WCA,WAVECAL,IMAGING,TIME-TAG, ,-1,6/1/09
la7v01dyq,G185M,1850,WCA,WAVECAL,SPECTROSCOPIC,TIME-TAG, ,-1,6/1/09
la7v01e0q,G225M,2250,WCA,WAVECAL,SPECTROSCOPIC,TIME-TAG, ,-1,6/1/09
la7v01e2q,G285M,2850,WCA,WAVECAL,SPECTROSCOPIC,TIME-TAG, ,-1,6/1/09
la7v01e4q,G230L,2950,WCA,WAVECAL,SPECTROSCOPIC,TIME-TAG, ,-1,6/1/09
la7v01e6q,MIRRORA,0,WCA,WAVECAL,IMAGING,TIME-TAG, ,-1,6/1/09
la7v01e8q,MIRRORB,0,WCA,WAVECAL,IMAGING,TIME-TAG, ,-1,6/1/09
la8n01qkq,G130M,1309,FCA,FLAT,SPECTROSCOPIC,TIME-TAG, ,1,6/27/09
la8n01qmq,G130M,1309,WCA,WAVECAL,SPECTROSCOPIC,TIME-TAG, ,1,6/27/09
la8n01qqq,G140L,1230,WCA,WAVECAL,SPECTROSCOPIC,TIME-TAG, ,1,6/27/09
la8n01qsq,G130M,1309,WCA,WAVECAL,SPECTROSCOPIC,TIME-TAG, ,1,6/27/09
la8n01quq,G160M,1600,WCA,WAVECAL,SPECTROSCOPIC,TIME-TAG, ,1,6/27/09
la8n01qwq,G140L,1230,WCA,WAVECAL,SPECTROSCOPIC,TIME-TAG, ,1,6/27/09
la8o01jzq,N/A,0,N/A,DARK,IMAGING,TIME-TAG, ,-999,6/30/09
la8p01dxq,MIRRORA,0,PSA,EXTERNAL/SCI,IMAGING,ACCUM, ,-1,6/11/09
la8p01dyq,MIRRORA,0,PSA,EXTERNAL/SCI,IMAGING,ACCUM, ,-1,6/11/09
la8p01dzq,MIRRORA,0,PSA,EXTERNAL/SCI,IMAGING,ACCUM, ,-1,6/11/09
la8p01e0q,MIRRORA,0,PSA,EXTERNAL/SCI,IMAGING,ACCUM, ,-1,6/11/09
la8p01e1q,MIRRORA,0,PSA,EXTERNAL/SCI,IMAGING,ACCUM, ,-1,6/11/09
la8p01e2q,MIRRORA,0,PSA,EXTERNAL/SCI,IMAGING,ACCUM, ,-1,6/11/09
la8p01e3q,MIRRORA,0,PSA,EXTERNAL/SCI,IMAGING,ACCUM, ,-1,6/11/09
la8p01e4q,MIRRORA,0,PSA,EXTERNAL/SCI,IMAGING,ACCUM, ,-1,6/11/09
la8p01e5q,MIRRORA,0,PSA,EXTERNAL/SCI,IMAGING,ACCUM, ,-1,6/11/09
la8p01e7q,MIRRORA,0,PSA,EXTERNAL/SCI,IMAGING,ACCUM, ,-1,6/11/09
la8p01e8q,MIRRORA,0,PSA,EXTERNAL/SCI,IMAGING,ACCUM, ,-1,6/11/09
la8p01e9q,MIRRORA,0,PSA,EXTERNAL/SCI,IMAGING,ACCUM, ,-1,6/11/09
la8p01eaq,MIRRORA,0,PSA,EXTERNAL/SCI,IMAGING,ACCUM, ,-1,6/11/09
la8p01ebq,MIRRORA,0,PSA,EXTERNAL/SCI,IMAGING,ACCUM, ,-1,6/11/09
la8p01ecq,MIRRORA,0,PSA,EXTERNAL/SCI,IMAGING,ACCUM, ,-1,6/11/09
la8p01edq,MIRRORA,0,PSA,EXTERNAL/SCI,IMAGING,ACCUM, ,-1,6/11/09
la8p01eeq,MIRRORA,0,PSA,EXTERNAL/SCI,IMAGING,ACCUM, ,-1,6/11/09
la8p01efq,MIRRORA,0,PSA,EXTERNAL/SCI,IMAGING,ACCUM, ,-1,6/11/09
la8p01ehq,MIRRORA,0,PSA,EXTERNAL/SCI,IMAGING,ACCUM, ,-1,6/11/09
la8p01eiq,MIRRORA,0,PSA,EXTERNAL/SCI,IMAGING,ACCUM, ,-1,6/11/09
la8p01ejq,MIRRORA,0,PSA,EXTERNAL/SCI,IMAGING,ACCUM, ,-1,6/11/09
la8p01ekq,MIRRORA,0,PSA,EXTERNAL/SCI,IMAGING,ACCUM, ,-1,6/11/09
la8p01elq,MIRRORA,0,PSA,EXTERNAL/SCI,IMAGING,ACCUM, ,-1,6/11/09
la8p01emq,MIRRORA,0,PSA,EXTERNAL/SCI,IMAGING,ACCUM, ,-1,6/11/09
la8p01enq,MIRRORA,0,PSA,EXTERNAL/SCI,IMAGING,ACCUM, ,-1,6/11/09
la8p01eoq,MIRRORA,0,PSA,EXTERNAL/SCI,IMAGING,ACCUM, ,-1,6/11/09
la8p01epq,MIRRORA,0,PSA,EXTERNAL/SCI,IMAGING,ACCUM, ,-1,6/11/09
la8p01erq,MIRRORA,0,PSA,EXTERNAL/SCI,IMAGING,ACCUM, ,-1,6/11/09
la8p01esq,MIRRORA,0,PSA,EXTERNAL/SCI,IMAGING,ACCUM, ,-1,6/11/09
la8p01etq,MIRRORA,0,PSA,EXTERNAL/SCI,IMAGING,ACCUM, ,-1,6/11/09
la8p01euq,MIRRORA,0,PSA,EXTERNAL/SCI,IMAGING,ACCUM, ,-1,6/11/09
la8p01evq,MIRRORA,0,PSA,EXTERNAL/SCI,IMAGING,ACCUM, ,-1,6/11/09
la8p01ewq,MIRRORA,0,PSA,EXTERNAL/SCI,IMAGING,ACCUM, ,-1,6/11/09
la8p01exq,MIRRORA,0,PSA,EXTERNAL/SCI,IMAGING,ACCUM, ,-1,6/11/09
la8p01eyq,MIRRORA,0,PSA,EXTERNAL/SCI,IMAGING,ACCUM, ,-1,6/11/09
la8p01ezq,MIRRORA,0,PSA,EXTERNAL/SCI,IMAGING,ACCUM, ,-1,6/11/09
la8p91acq,MIRRORA,0,PSA,EXTERNAL/SCI,IMAGING,ACCUM, ,1,7/3/09
la8p91adq,MIRRORA,0,PSA,EXTERNAL/SCI,IMAGING,ACCUM, ,1,7/3/09
la8p91aeq,MIRRORA,0,PSA,EXTERNAL/SCI,IMAGING,ACCUM, ,1,7/3/09
la8p91agq,MIRRORA,0,PSA,EXTERNAL/SCI,IMAGING,ACCUM, ,1,7/3/09
la8p91ahq,MIRRORA,0,PSA,EXTERNAL/SCI,IMAGING,ACCUM, ,1,7/3/09
la8p91aiq,MIRRORA,0,PSA,EXTERNAL/SCI,IMAGING,ACCUM, ,1,7/3/09
la8p91ajq,MIRRORA,0,PSA,EXTERNAL/SCI,IMAGING,ACCUM, ,1,7/3/09
la8p91akq,MIRRORA,0,PSA,EXTERNAL/SCI,IMAGING,ACCUM, ,1,7/3/09
la8p91alq,MIRRORA,0,PSA,EXTERNAL/SCI,IMAGING,ACCUM, ,1,7/3/09
la8p91anq,MIRRORA,0,PSA,ACQ/SEARCH,IMAGING,ACCUM, ,1,7/3/09
la8p91asq,MIRRORA,0,PSA,EXTERNAL/SCI,IMAGING,TIME-TAG, ,1,7/3/09
la8p91auq,MIRRORB,0,PSA,EXTERNAL/SCI,IMAGING,TIME-TAG, ,1,7/3/09
la8p92b8q,MIRRORA,0,PSA,EXTERNAL/SCI,IMAGING,ACCUM, ,1,7/3/09
la8p92bbq,MIRRORA,0,PSA,EXTERNAL/SCI,IMAGING,TIME-TAG, ,1,7/3/09
la8p92bdq,MIRRORB,0,PSA,EXTERNAL/SCI,IMAGING,TIME-TAG, ,1,7/3/09
la8p92bqq,G285M,2676,PSA,EXTERNAL/SCI,SPECTROSCOPIC,TIME-TAG, ,1,7/3/09
la8p92btq,MIRRORA,0,PSA,ACQ/IMAGE,IMAGING,ACCUM, ,1,7/3/09
la8p92bvq,MIRRORA,0,PSA,EXTERNAL/SCI,IMAGING,TIME-TAG, ,1,7/3/09
la8p93a1q,MIRRORA,0,PSA,EXTERNAL/SCI,IMAGING,TIME-TAG, ,1,7/6/09
la8p93a3q,G230L,3000,PSA,ACQ/PEAKXD,SPECTROSCOPIC,ACCUM, ,1,7/6/09
la8p93a5q,MIRRORA,0,PSA,EXTERNAL/SCI,IMAGING,TIME-TAG, ,1,7/6/09
la8p93a7q,G230L,3000,PSA,EXTERNAL/SCI,SPECTROSCOPIC,TIME-TAG, ,1,7/6/09
la8p93a9q,MIRRORA,0,PSA,ACQ/SEARCH,IMAGING,ACCUM, ,1,7/6/09
la8p93aaq,MIRRORA,0,PSA,ACQ/IMAGE,IMAGING,ACCUM, ,1,7/6/09
la8q01qhq,MIRRORA,0,PSA,EXTERNAL/SCI,IMAGING,ACCUM, ,-1,6/13/09
la8q01qiq,MIRRORA,0,PSA,EXTERNAL/SCI,IMAGING,ACCUM, ,-1,6/13/09
la8q01qjq,MIRRORA,0,PSA,EXTERNAL/SCI,IMAGING,ACCUM, ,-1,6/13/09
la8q01qkq,MIRRORA,0,PSA,EXTERNAL/SCI,IMAGING,ACCUM, ,-1,6/13/09
la8q01qlq,MIRRORA,0,PSA,EXTERNAL/SCI,IMAGING,ACCUM, ,-1,6/13/09
la8q01qmq,MIRRORA,0,PSA,EXTERNAL/SCI,IMAGING,ACCUM, ,-1,6/13/09
la8q01qnq,MIRRORA,0,PSA,EXTERNAL/SCI,IMAGING,ACCUM, ,-1,6/13/09
la8q01qoq,MIRRORA,0,PSA,EXTERNAL/SCI,IMAGING,ACCUM, ,-1,6/13/09
la8q01qqq,MIRRORA,0,PSA,EXTERNAL/SCI,IMAGING,TIME-TAG, ,-1,6/13/09
la8q03vrq,MIRRORA,0,PSA,EXTERNAL/SCI,IMAGING,ACCUM, ,1,7/3/09
la8q03vsq,MIRRORA,0,PSA,EXTERNAL/SCI,IMAGING,ACCUM, ,1,7/3/09
la8q03vtq,MIRRORA,0,PSA,EXTERNAL/SCI,IMAGING,ACCUM, ,1,7/3/09
la8q03vuq,MIRRORA,0,PSA,EXTERNAL/SCI,IMAGING,ACCUM, ,1,7/3/09
la8q03vvq,MIRRORA,0,PSA,EXTERNAL/SCI,IMAGING,ACCUM, ,1,7/3/09
la8q03vwq,MIRRORA,0,PSA,EXTERNAL/SCI,IMAGING,ACCUM, ,1,7/3/09
la8q03vxq,MIRRORA,0,PSA,EXTERNAL/SCI,IMAGING,ACCUM, ,1,7/3/09
la8q03vyq,MIRRORA,0,PSA,EXTERNAL/SCI,IMAGING,ACCUM, ,1,7/3/09
la8q03w0q,MIRRORA,0,PSA,EXTERNAL/SCI,IMAGING,TIME-TAG, ,1,7/3/09
la8q05ewq,MIRRORA,0,PSA,EXTERNAL/SCI,IMAGING,TIME-TAG, ,1,7/6/09
la8q05eyq,MIRRORA,0,PSA,EXTERNAL/SCI,IMAGING,ACCUM, ,1,7/6/09
la8q05f0q,MIRRORA,0,PSA,EXTERNAL/SCI,IMAGING,ACCUM, ,1,7/6/09
la8q05f1q,MIRRORA,0,PSA,EXTERNAL/SCI,IMAGING,ACCUM, ,1,7/6/09
la8q05f2q,MIRRORA,0,PSA,EXTERNAL/SCI,IMAGING,ACCUM, ,1,7/6/09
la8q05f3q,MIRRORA,0,PSA,EXTERNAL/SCI,IMAGING,ACCUM, ,1,7/6/09
la8q05f4q,MIRRORA,0,PSA,EXTERNAL/SCI,IMAGING,ACCUM, ,1,7/6/09
la8q05f5q,MIRRORA,0,PSA,EXTERNAL/SCI,IMAGING,ACCUM, ,1,7/6/09
la8q05f6q,MIRRORA,0,PSA,EXTERNAL/SCI,IMAGING,ACCUM, ,1,7/6/09
la8q05f7q,MIRRORA,0,PSA,EXTERNAL/SCI,IMAGING,ACCUM, ,1,7/6/09
la8q05feq,MIRRORA,0,PSA,EXTERNAL/SCI,IMAGING,TIME-TAG, ,1,7/6/09
la8q05fgq,MIRRORA,0,PSA,EXTERNAL/SCI,IMAGING,ACCUM, ,1,7/6/09
la8q05fhq,MIRRORA,0,PSA,EXTERNAL/SCI,IMAGING,ACCUM, ,1,7/6/09
la8q05fiq,MIRRORA,0,PSA,EXTERNAL/SCI,IMAGING,ACCUM, ,1,7/6/09
la8q05fjq,MIRRORA,0,PSA,EXTERNAL/SCI,IMAGING,ACCUM, ,1,7/6/09
la8q05fkq,MIRRORA,0,PSA,EXTERNAL/SCI,IMAGING,ACCUM, ,1,7/6/09
la8q05flq,MIRRORA,0,PSA,EXTERNAL/SCI,IMAGING,ACCUM, ,1,7/6/09
la8q05fmq,MIRRORA,0,PSA,EXTERNAL/SCI,IMAGING,ACCUM, ,1,7/6/09
la8q05fnq,MIRRORA,0,PSA,EXTERNAL/SCI,IMAGING,ACCUM, ,1,7/6/09
la8q05fpq,MIRRORA,0,PSA,EXTERNAL/SCI,IMAGING,TIME-TAG, ,1,7/6/09
la8q07rpq,MIRRORA,0,PSA,EXTERNAL/SCI,IMAGING,TIME-TAG, ,1,7/8/09
la8q07rrq,MIRRORA,0,WCA,WAVECAL,IMAGING,TIME-TAG, ,1,7/8/09
la8q07rtq,MIRRORA,0,PSA,EXTERNAL/SCI,IMAGING,ACCUM, ,1,7/8/09
la8q07ruq,MIRRORA,0,PSA,EXTERNAL/SCI,IMAGING,ACCUM, ,1,7/8/09
la8q07rvq,MIRRORA,0,PSA,EXTERNAL/SCI,IMAGING,ACCUM, ,1,7/8/09
la8q07rwq,MIRRORA,0,PSA,EXTERNAL/SCI,IMAGING,ACCUM, ,1,7/8/09
la8q07rxq,MIRRORA,0,PSA,EXTERNAL/SCI,IMAGING,ACCUM, ,1,7/8/09
la8q07ryq,MIRRORA,0,PSA,EXTERNAL/SCI,IMAGING,ACCUM, ,1,7/8/09
la8q07rzq,MIRRORA,0,PSA,EXTERNAL/SCI,IMAGING,ACCUM, ,1,7/8/09
la8q07s0q,MIRRORA,0,PSA,EXTERNAL/SCI,IMAGING,ACCUM, ,1,7/8/09
la8q07s1q,MIRRORA,0,PSA,EXTERNAL/SCI,IMAGING,ACCUM, ,1,7/8/09
la8q07s3q,MIRRORA,0,PSA,EXTERNAL/SCI,IMAGING,ACCUM, ,1,7/8/09
la8q07s4q,MIRRORA,0,PSA,EXTERNAL/SCI,IMAGING,ACCUM, ,1,7/8/09
la8q07s6q,MIRRORA,0,PSA,EXTERNAL/SCI,IMAGING,TIME-TAG, ,1,7/8/09
la8q07s8q,MIRRORA,0,WCA,WAVECAL,IMAGING,TIME-TAG, ,1,7/8/09
la8q09hpq,MIRRORA,0,PSA,EXTERNAL/SCI,IMAGING,TIME-TAG, ,1,7/12/09
la8q09hrq,MIRRORA,0,PSA,EXTERNAL/SCI,IMAGING,ACCUM, ,1,7/12/09
la8q09hsq,MIRRORA,0,RelMvReq,EXTERNAL/SCI,IMAGING,ACCUM, ,-1,7/12/09
la8q09htq,MIRRORA,0,RelMvReq,EXTERNAL/SCI,IMAGING,ACCUM, ,-1,7/12/09
la8q09huq,MIRRORA,0,RelMvReq,EXTERNAL/SCI,IMAGING,ACCUM, ,-1,7/12/09
la8q09hvq,MIRRORA,0,RelMvReq,EXTERNAL/SCI,IMAGING,ACCUM, ,-1,7/12/09
la8q09hwq,MIRRORA,0,RelMvReq,EXTERNAL/SCI,IMAGING,ACCUM, ,-1,7/12/09
la8q09hxq,MIRRORA,0,RelMvReq,EXTERNAL/SCI,IMAGING,ACCUM, ,1,7/12/09
la8q09hyq,MIRRORA,0,RelMvReq,EXTERNAL/SCI,IMAGING,ACCUM, ,1,7/12/09
la8q09hzq,MIRRORA,0,RelMvReq,EXTERNAL/SCI,IMAGING,ACCUM, ,1,7/12/09
la8q09iuq,MIRRORA,0,RelMvReq,EXTERNAL/SCI,IMAGING,ACCUM, ,1,7/12/09
la8q09ivq,MIRRORA,0,RelMvReq,EXTERNAL/SCI,IMAGING,ACCUM, ,1,7/12/09
la8q09iwq,MIRRORA,0,RelMvReq,EXTERNAL/SCI,IMAGING,ACCUM, ,1,7/12/09
la8q09ixq,MIRRORA,0,RelMvReq,EXTERNAL/SCI,IMAGING,ACCUM, ,1,7/12/09
la8q09iyq,MIRRORA,0,RelMvReq,EXTERNAL/SCI,IMAGING,ACCUM, ,1,7/12/09
la8q09izq,MIRRORA,0,RelMvReq,EXTERNAL/SCI,IMAGING,ACCUM, ,1,7/12/09
la8q09j0q,MIRRORA,0,RelMvReq,EXTERNAL/SCI,IMAGING,ACCUM, ,1,7/12/09
la8q09j1q,MIRRORA,0,RelMvReq,EXTERNAL/SCI,IMAGING,ACCUM, ,1,7/12/09
la8q09j2q,MIRRORA,0,RelMvReq,EXTERNAL/SCI,IMAGING,ACCUM, ,1,7/12/09
la8q09j4q,MIRRORA,0,PSA,EXTERNAL/SCI,IMAGING,TIME-TAG, ,1,7/12/09
la8q09j6q,MIRRORA,0,PSA,EXTERNAL/SCI,IMAGING,TIME-TAG, ,1,7/12/09
la8q09j8q,MIRRORA,0,PSA,ACQ/IMAGE,IMAGING,ACCUM, ,1,7/12/09
la8q09jaq,MIRRORA,0,PSA,EXTERNAL/SCI,IMAGING,TIME-TAG, ,1,7/12/09
la8q09jcq,MIRRORB,0,PSA,EXTERNAL/SCI,IMAGING,TIME-TAG, ,1,7/12/09
la8q97egq,MIRRORA,0,PSA,EXTERNAL/SCI,IMAGING,TIME-TAG, ,1,7/10/09
la8q97enq,MIRRORA,0,WCA,WAVECAL,IMAGING,TIME-TAG, ,1,7/10/09
la8q97epq,MIRRORA,0,PSA,EXTERNAL/SCI,IMAGING,ACCUM, ,1,7/10/09
la8q97eqq,MIRRORA,0,RelMvReq,EXTERNAL/SCI,IMAGING,ACCUM, ,1,7/10/09
la8q97erq,MIRRORA,0,RelMvReq,EXTERNAL/SCI,IMAGING,ACCUM, ,1,7/10/09
la8q97esq,MIRRORA,0,RelMvReq,EXTERNAL/SCI,IMAGING,ACCUM, ,1,7/10/09
la8q97etq,MIRRORA,0,RelMvReq,EXTERNAL/SCI,IMAGING,ACCUM, ,1,7/10/09
la8q97euq,MIRRORA,0,RelMvReq,EXTERNAL/SCI,IMAGING,ACCUM, ,1,7/10/09
la8q97evq,MIRRORA,0,RelMvReq,EXTERNAL/SCI,IMAGING,ACCUM, ,1,7/10/09
la8q97ewq,MIRRORA,0,RelMvReq,EXTERNAL/SCI,IMAGING,ACCUM, ,-1,7/10/09
la8q97exq,MIRRORA,0,RelMvReq,EXTERNAL/SCI,IMAGING,ACCUM, ,-1,7/10/09
la8q97ezq,MIRRORA,0,RelMvReq,EXTERNAL/SCI,IMAGING,ACCUM, ,-1,7/10/09
la8q97f0q,MIRRORA,0,RelMvReq,EXTERNAL/SCI,IMAGING,ACCUM, ,1,7/10/09
la8q97f8q,MIRRORA,0,PSA,EXTERNAL/SCI,IMAGING,TIME-TAG, ,1,7/10/09
la8q97faq,MIRRORA,0,WCA,WAVECAL,IMAGING,TIME-TAG, ,1,7/10/09
la8q99isq,MIRRORB,0,PSA,EXTERNAL/SCI,IMAGING,TIME-TAG, ,1,7/13/09
la8q99iuq,MIRRORA,0,PSA,EXTERNAL/SCI,IMAGING,TIME-TAG, ,1,7/13/09
la8q99ixq,G285M,2850,PSA,EXTERNAL/SCI,SPECTROSCOPIC,TIME-TAG, ,1,7/13/09
la8q99j2q,G225M,2306,PSA,EXTERNAL/SCI,SPECTROSCOPIC,TIME-TAG, ,1,7/13/09
la8q99jbq,G185M,2010,PSA,EXTERNAL/SCI,SPECTROSCOPIC,TIME-TAG, ,1,7/13/09
la8q99jmq,G230L,2950,PSA,EXTERNAL/SCI,SPECTROSCOPIC,TIME-TAG, ,1,7/13/09
la8q99jvq,G230L,2950,BOA,EXTERNAL/SCI,SPECTROSCOPIC,TIME-TAG, ,1,7/13/09
la8q99k1q,G230L,2950,WCA,WAVECAL,SPECTROSCOPIC,TIME-TAG, ,1,7/13/09
la8q99k4q,MIRRORA,0,BOA,EXTERNAL/SCI,IMAGING,TIME-TAG, ,1,7/13/09
la8q99k6q,MIRRORA,0,WCA,WAVECAL,IMAGING,TIME-TAG, ,1,7/13/09
la8q99k8q,MIRRORA,0,PSA,ACQ/IMAGE,IMAGING,ACCUM, ,1,7/13/09
la8q99kaq,G230L,2950,PSA,ACQ/PEAKXD,SPECTROSCOPIC,ACCUM, ,1,7/13/09
la8q99kcq,MIRRORA,0,PSA,EXTERNAL/SCI,IMAGING,TIME-TAG, ,1,7/13/09
la8q99keq,G230L,2950,PSA,ACQ/PEAKD,SPECTROSCOPIC,ACCUM, ,1,7/14/09
la8q99knq,MIRRORA,0,PSA,EXTERNAL/SCI,IMAGING,TIME-TAG, ,1,7/14/09
la8q99kpq,G230L,2950,PSA,ACQ/SEARCH,SPECTROSCOPIC,ACCUM, ,1,7/14/09
la8q99krq,MIRRORA,0,PSA,EXTERNAL/SCI,IMAGING,TIME-TAG, ,1,7/14/09
la8q99ktq,G230L,2950,PSA,ACQ/PEAKXD,SPECTROSCOPIC,ACCUM, ,1,7/14/09
la8q99l1q,MIRRORA,0,PSA,EXTERNAL/SCI,IMAGING,TIME-TAG, ,1,7/14/09
la8q99l7q,G230L,2950,PSA,ACQ/PEAKD,SPECTROSCOPIC,ACCUM, ,1,7/14/09
la8q99leq,MIRRORA,0,PSA,EXTERNAL/SCI,IMAGING,TIME-TAG, ,1,7/14/09
la9t01m6q,G130M,1309,PSA,EXTERNAL/SCI,SPECTROSCOPIC,TIME-TAG, ,1,7/14/09
la9t01m8q,G140L,1230,PSA,EXTERNAL/SCI,SPECTROSCOPIC,TIME-TAG, ,1,7/14/09
la9t01maq,G160M,1600,PSA,EXTERNAL/SCI,SPECTROSCOPIC,TIME-TAG, ,1,7/14/09
la9t01mcq,G185M,1850,PSA,ACQ/SEARCH,SPECTROSCOPIC,ACCUM, ,1,7/14/09
la9t01mdq,G185M,1850,PSA,ACQ/PEAKXD,SPECTROSCOPIC,ACCUM, ,1,7/14/09
la9t01meq,G185M,1850,PSA,ACQ/PEAKXD,SPECTROSCOPIC,ACCUM, ,1,7/14/09
la9t01mfq,G185M,1850,PSA,ACQ/PEAKD,SPECTROSCOPIC,ACCUM, ,1,7/14/09
la9t01moq,MIRRORA,0,BOA,EXTERNAL/SCI,IMAGING,ACCUM, ,1,7/14/09
la9t01mrq,G160M,1600,PSA,EXTERNAL/SCI,SPECTROSCOPIC,TIME-TAG, ,1,7/14/09
la9t01mtq,G140L,1230,PSA,EXTERNAL/SCI,SPECTROSCOPIC,TIME-TAG, ,1,7/14/09
la9t01mzq,G130M,1309,PSA,EXTERNAL/SCI,SPECTROSCOPIC,TIME-TAG, ,1,7/14/09
la9t01n9q,G130M,1309,PSA,ACQ/SEARCH,SPECTROSCOPIC,ACCUM, ,1,7/14/09
la9t01naq,G130M,1309,PSA,ACQ/PEAKXD,SPECTROSCOPIC,ACCUM, ,1,7/14/09
la9t01nbq,G130M,1309,PSA,ACQ/PEAKXD,SPECTROSCOPIC,ACCUM, ,1,7/14/09
la9t01ncq,G130M,1309,PSA,ACQ/PEAKD,SPECTROSCOPIC,ACCUM, ,1,7/14/09
la9t01neq,G130M,1309,PSA,EXTERNAL/SCI,SPECTROSCOPIC,TIME-TAG, ,1,7/14/09
la9t01nmq,G140L,1230,PSA,EXTERNAL/SCI,SPECTROSCOPIC,TIME-TAG, ,1,7/14/09
la9t01noq,MIRRORA,0,BOA,EXTERNAL/SCI,IMAGING,ACCUM, ,1,7/14/09
laaf1aixq,G130M,1291,PSA,EXTERNAL/SCI,SPECTROSCOPIC,TIME-TAG, ,1,8/31/09
laaf1aizq,G130M,1291,PSA,EXTERNAL/SCI,SPECTROSCOPIC,TIME-TAG, ,1,8/31/09
laaf1aj1q,G130M,1291,PSA,EXTERNAL/SCI,SPECTROSCOPIC,TIME-TAG, ,1,8/31/09
laaf1aj3q,G130M,1291,PSA,EXTERNAL/SCI,SPECTROSCOPIC,TIME-TAG, ,1,8/31/09
laaf1aj5q,G130M,1291,PSA,EXTERNAL/SCI,SPECTROSCOPIC,ACCUM, ,1,8/31/09
laaf1aj7q,G130M,1291,WCA,WAVECAL,SPECTROSCOPIC,TIME-TAG, ,1,8/31/09
laaf1aj9q,G130M,1291,PSA,EXTERNAL/SCI,SPECTROSCOPIC,TIME-TAG, ,1,8/31/09
laaf1ajfq,G130M,1291,WCA,WAVECAL,SPECTROSCOPIC,TIME-TAG, ,1,9/1/09
laaf1ajhq,G130M,1291,PSA,EXTERNAL/SCI,SPECTROSCOPIC,TIME-TAG, ,1,9/1/09
laaf1ajkq,G130M,1291,WCA,WAVECAL,SPECTROSCOPIC,TIME-TAG, ,1,9/1/09
laaf1ajvq,G130M,1291,PSA,EXTERNAL/SCI,SPECTROSCOPIC,TIME-TAG, ,1,9/1/09
laaf1ajxq,G130M,1291,WCA,WAVECAL,SPECTROSCOPIC,TIME-TAG, ,1,9/1/09
laaf1ajzq,G130M,1291,PSA,EXTERNAL/SCI,SPECTROSCOPIC,TIME-TAG, ,1,9/1/09
laaf1ak1q,G130M,1291,WCA,WAVECAL,SPECTROSCOPIC,TIME-TAG, ,1,9/1/09
laaf1alrq,G130M,1291,PSA,EXTERNAL/SCI,SPECTROSCOPIC,TIME-TAG, ,1,9/1/09
laaf1altq,G130M,1291,PSA,EXTERNAL/SCI,SPECTROSCOPIC,TIME-TAG, ,1,9/1/09
laaf1alvq,G130M,1291,PSA,EXTERNAL/SCI,SPECTROSCOPIC,TIME-TAG, ,1,9/1/09
laaf1alyq,G130M,1291,PSA,EXTERNAL/SCI,SPECTROSCOPIC,TIME-TAG, ,1,9/1/09
laaf1am0q,G130M,1291,PSA,EXTERNAL/SCI,SPECTROSCOPIC,ACCUM, ,1,9/1/09
laaf1am2q,G130M,1291,WCA,WAVECAL,SPECTROSCOPIC,TIME-TAG, ,1,9/1/09
laaf1an0q,G160M,1623,PSA,EXTERNAL/SCI,SPECTROSCOPIC,TIME-TAG, ,1,9/1/09
laaf1an2q,G160M,1623,PSA,EXTERNAL/SCI,SPECTROSCOPIC,TIME-TAG, ,1,9/1/09
laaf1an4q,G160M,1623,PSA,EXTERNAL/SCI,SPECTROSCOPIC,TIME-TAG, ,1,9/1/09
laaf1an6q,G160M,1623,PSA,EXTERNAL/SCI,SPECTROSCOPIC,TIME-TAG, ,1,9/1/09
laaf1an8q,G160M,1623,PSA,EXTERNAL/SCI,SPECTROSCOPIC,ACCUM, ,1,9/1/09
laaf1anaq,G160M,1623,WCA,WAVECAL,SPECTROSCOPIC,TIME-TAG, ,1,9/1/09
labq02oqq,MIRRORB,0,BOA,EXTERNAL/SCI,IMAGING,TIME-TAG, ,1,7/28/09
labq02osq,MIRRORB,0,WCA,WAVECAL,IMAGING,TIME-TAG, ,1,7/28/09
labq50nwq,G185M,0,PSA,ACQ/SEARCH,SPECTROSCOPIC,ACCUM, ,1,7/22/09
labq50nxq,G185M,0,PSA,ACQ/SEARCH,SPECTROSCOPIC,ACCUM, ,1,7/22/09
labq50nyq,G185M,0,PSA,ACQ/PEAKXD,SPECTROSCOPIC,ACCUM, ,1,7/22/09
labq50nzq,G185M,0,PSA,ACQ/PEAKD,SPECTROSCOPIC,ACCUM, ,1,7/22/09
labq50o1q,G185M,1850,PSA,EXTERNAL/SCI,SPECTROSCOPIC,TIME-TAG, ,1,7/22/09
labq50o3q,G185M,1850,PSA,EXTERNAL/SCI,SPECTROSCOPIC,TIME-TAG, ,1,7/22/09
labq50o5q,G185M,1850,PSA,EXTERNAL/SCI,SPECTROSCOPIC,TIME-TAG, ,1,7/22/09
labq50o7q,G185M,1850,PSA,EXTERNAL/SCI,SPECTROSCOPIC,TIME-TAG, ,1,7/22/09
labq50o9q,G185M,1850,PSA,EXTERNAL/SCI,SPECTROSCOPIC,TIME-TAG, ,1,7/22/09
labq50obq,G185M,1850,PSA,EXTERNAL/SCI,SPECTROSCOPIC,TIME-TAG, ,1,7/22/09
labq50odq,G185M,1850,PSA,EXTERNAL/SCI,SPECTROSCOPIC,TIME-TAG, ,1,7/22/09
labq50ofq,G185M,1850,PSA,EXTERNAL/SCI,SPECTROSCOPIC,TIME-TAG, ,1,7/22/09
labq50ohq,G185M,1850,PSA,EXTERNAL/SCI,SPECTROSCOPIC,TIME-TAG, ,1,7/22/09
labq50ojq,G185M,1850,PSA,EXTERNAL/SCI,SPECTROSCOPIC,TIME-TAG, ,1,7/22/09
labq50olq,G285M,2695,PSA,EXTERNAL/SCI,SPECTROSCOPIC,TIME-TAG, ,1,7/22/09
labq50onq,G225M,2250,PSA,EXTERNAL/SCI,SPECTROSCOPIC,TIME-TAG, ,1,7/22/09
labq50opq,G230L,2950,PSA,EXTERNAL/SCI,SPECTROSCOPIC,TIME-TAG, ,1,7/22/09
labq50orq,MIRRORA,0,BOA,EXTERNAL/SCI,IMAGING,TIME-TAG, ,1,7/22/09
labq50otq,MIRRORA,0,WCA,WAVECAL,IMAGING,TIME-TAG, ,1,7/22/09
labq74sjq,MIRRORB,0,BOA,EXTERNAL/SCI,IMAGING,TIME-TAG, ,1,7/29/09
labq74slq,MIRRORB,0,WCA,WAVECAL,IMAGING,TIME-TAG, ,1,7/29/09
lb2401wnq,G160M,1600,PSA,EXTERNAL/SCI,SPECTROSCOPIC,TIME-TAG, ,1,7/14/10
lb2401wpq,G160M,1600,PSA,EXTERNAL/SCI,SPECTROSCOPIC,TIME-TAG, ,1,7/14/10
lb2401wrq,G160M,1600,PSA,EXTERNAL/SCI,SPECTROSCOPIC,TIME-TAG, ,1,7/14/10
lb6b10qkq,MIRRORB,0,PSA,ACQ/SEARCH,IMAGING,ACCUM, ,1,9/21/11
lb6b10qlq,MIRRORB,0,PSA,ACQ/IMAGE,IMAGING,ACCUM, ,1,9/21/11
lb6b10qnq,G160M,1577,PSA,EXTERNAL/SCI,SPECTROSCOPIC,TIME-TAG, ,1,9/21/11
lb6b10qpq,G160M,1600,PSA,EXTERNAL/SCI,SPECTROSCOPIC,TIME-TAG, ,1,9/21/11
lb6b10qrq,G160M,1623,PSA,EXTERNAL/SCI,SPECTROSCOPIC,TIME-TAG, ,1,9/21/11
lb6b10qtq,G130M,1327,PSA,EXTERNAL/SCI,SPECTROSCOPIC,TIME-TAG, ,1,9/21/11
lb6b10qvq,G130M,1327,PSA,EXTERNAL/SCI,SPECTROSCOPIC,TIME-TAG, ,1,9/21/11
lb6b10qxq,G130M,1291,PSA,EXTERNAL/SCI,SPECTROSCOPIC,TIME-TAG, ,1,9/21/11
lb6b10qzq,G130M,1291,PSA,EXTERNAL/SCI,SPECTROSCOPIC,TIME-TAG, ,1,9/21/11
lb6d21qwq,MIRRORA,0,PSA,ACQ/SEARCH,IMAGING,ACCUM, ,1,12/16/09
lb6d21qxq,MIRRORA,0,PSA,ACQ/IMAGE,IMAGING,ACCUM, ,1,12/16/09
lb6d21qzq,G140L,1230,PSA,EXTERNAL/SCI,SPECTROSCOPIC,TIME-TAG, ,1,12/16/09
lb6d21r1q,G140L,1230,PSA,EXTERNAL/SCI,SPECTROSCOPIC,TIME-TAG, ,1,12/16/09
lb6d21rgq,G140L,1230,PSA,EXTERNAL/SCI,SPECTROSCOPIC,TIME-TAG, ,1,12/17/09
lbe701hvq,G140L,1230,RelMvReq,EXTERNAL/SCI,SPECTROSCOPIC,TIME-TAG, ,-1,3/21/10
lbx501ikq,G130M,1309,PSA,ACQ/PEAKXD,SPECTROSCOPIC,ACCUM, ,1,3/13/12
lbx501ilq,G130M,1309,PSA,ACQ/PEAKD,SPECTROSCOPIC,ACCUM, ,1,3/13/12
lbx501inq,G130M,1309,RelMvReq,EXTERNAL/SCI,SPECTROSCOPIC,TIME-TAG, ,2,3/13/12
lbx501ipq,G130M,1309,RelMvReq,EXTERNAL/SCI,SPECTROSCOPIC,TIME-TAG, ,2,3/13/12
lbx501irq,G130M,1309,RelMvReq,EXTERNAL/SCI,SPECTROSCOPIC,TIME-TAG, ,2,3/13/12
lbx501itq,G130M,1309,RelMvReq,EXTERNAL/SCI,SPECTROSCOPIC,TIME-TAG, ,2,3/13/12
lbx501ivq,G130M,1309,RelMvReq,EXTERNAL/SCI,SPECTROSCOPIC,TIME-TAG, ,2,3/13/12
lbx501ixq,G130M,1309,RelMvReq,EXTERNAL/SCI,SPECTROSCOPIC,TIME-TAG, ,2,3/13/12
lbx501izq,G130M,1309,RelMvReq,EXTERNAL/SCI,SPECTROSCOPIC,TIME-TAG, ,2,3/13/12
lbx501j1q,G130M,1309,RelMvReq,EXTERNAL/SCI,SPECTROSCOPIC,TIME-TAG, ,2,3/13/12
lbx501j3q,G130M,1309,RelMvReq,EXTERNAL/SCI,SPECTROSCOPIC,TIME-TAG, ,2,3/13/12
lbx501j5q,G130M,1309,RelMvReq,EXTERNAL/SCI,SPECTROSCOPIC,TIME-TAG, ,2,3/13/12
lbx501j7q,G130M,1309,RelMvReq,EXTERNAL/SCI,SPECTROSCOPIC,TIME-TAG, ,2,3/13/12
lbx501j9q,G130M,1309,RelMvReq,EXTERNAL/SCI,SPECTROSCOPIC,TIME-TAG, ,2,3/13/12
lbx501jbq,G130M,1309,RelMvReq,EXTERNAL/SCI,SPECTROSCOPIC,TIME-TAG, ,2,3/13/12
lbx501jdq,G130M,1309,RelMvReq,EXTERNAL/SCI,SPECTROSCOPIC,TIME-TAG, ,2,3/13/12
lbx501jfq,G130M,1309,RelMvReq,EXTERNAL/SCI,SPECTROSCOPIC,TIME-TAG, ,2,3/13/12
lbx501jhq,G130M,1309,RelMvReq,EXTERNAL/SCI,SPECTROSCOPIC,TIME-TAG, ,2,3/13/12
lbx501jjq,G130M,1309,RelMvReq,EXTERNAL/SCI,SPECTROSCOPIC,TIME-TAG, ,2,3/13/12
lbx501jlq,G130M,1309,RelMvReq,EXTERNAL/SCI,SPECTROSCOPIC,TIME-TAG, ,2,3/13/12
lbx501jnq,G130M,1309,RelMvReq,EXTERNAL/SCI,SPECTROSCOPIC,TIME-TAG, ,2,3/13/12
lbx501jpq,G130M,1309,RelMvReq,EXTERNAL/SCI,SPECTROSCOPIC,TIME-TAG, ,2,3/13/12
lbx502jtq,G160M,1600,PSA,ACQ/PEAKXD,SPECTROSCOPIC,ACCUM, ,1,3/13/12
lbx502juq,G160M,1600,PSA,ACQ/PEAKD,SPECTROSCOPIC,ACCUM, ,1,3/13/12
lbx502jwq,G160M,1600,RelMvReq,EXTERNAL/SCI,SPECTROSCOPIC,TIME-TAG, ,2,3/13/12
lbx502jyq,G160M,1600,RelMvReq,EXTERNAL/SCI,SPECTROSCOPIC,TIME-TAG, ,2,3/13/12
lbx502k0q,G160M,1600,RelMvReq,EXTERNAL/SCI,SPECTROSCOPIC,TIME-TAG, ,2,3/13/12
lbx502k2q,G160M,1600,RelMvReq,EXTERNAL/SCI,SPECTROSCOPIC,TIME-TAG, ,2,3/13/12
lbx502k4q,G160M,1600,RelMvReq,EXTERNAL/SCI,SPECTROSCOPIC,TIME-TAG, ,2,3/13/12
lbx502k6q,G160M,1600,RelMvReq,EXTERNAL/SCI,SPECTROSCOPIC,TIME-TAG, ,2,3/13/12
lbx502k8q,G160M,1600,RelMvReq,EXTERNAL/SCI,SPECTROSCOPIC,TIME-TAG, ,2,3/13/12
lbx502kaq,G160M,1600,RelMvReq,EXTERNAL/SCI,SPECTROSCOPIC,TIME-TAG, ,2,3/13/12
lbx502kcq,G160M,1600,RelMvReq,EXTERNAL/SCI,SPECTROSCOPIC,TIME-TAG, ,2,3/13/12
lbx502keq,G160M,1600,RelMvReq,EXTERNAL/SCI,SPECTROSCOPIC,TIME-TAG, ,2,3/13/12
lbx503keq,G140L,1105,PSA,ACQ/PEAKXD,SPECTROSCOPIC,ACCUM, ,1,4/17/12
lbx503kfq,G140L,1105,PSA,ACQ/PEAKD,SPECTROSCOPIC,ACCUM, ,1,4/17/12
lbx503kjq,G140L,1105,PSA,EXTERNAL/SCI,SPECTROSCOPIC,TIME-TAG, ,2,4/17/12
lbx503klq,G140L,1105,PSA,EXTERNAL/SCI,SPECTROSCOPIC,TIME-TAG, ,2,4/17/12
lbx503knq,G140L,1105,PSA,EXTERNAL/SCI,SPECTROSCOPIC,TIME-TAG, ,2,4/17/12
lbx503kpq,G140L,1105,PSA,EXTERNAL/SCI,SPECTROSCOPIC,TIME-TAG, ,2,4/17/12
lbx503krq,G140L,1105,PSA,EXTERNAL/SCI,SPECTROSCOPIC,TIME-TAG, ,2,4/17/12
lbx503ktq,G140L,1105,PSA,EXTERNAL/SCI,SPECTROSCOPIC,TIME-TAG, ,2,4/17/12
lbx503kvq,G140L,1105,PSA,EXTERNAL/SCI,SPECTROSCOPIC,TIME-TAG, ,2,4/17/12
lbx503kxq,G140L,1105,PSA,EXTERNAL/SCI,SPECTROSCOPIC,TIME-TAG, ,2,4/17/12
lbx503kzq,G140L,1105,PSA,EXTERNAL/SCI,SPECTROSCOPIC,TIME-TAG, ,2,4/17/12
lbx503l7q,G140L,1105,PSA,EXTERNAL/SCI,SPECTROSCOPIC,TIME-TAG, ,2,4/17/12
lbx503l9q,G140L,1105,PSA,EXTERNAL/SCI,SPECTROSCOPIC,TIME-TAG, ,2,4/17/12
lbx503lbq,G140L,1105,PSA,EXTERNAL/SCI,SPECTROSCOPIC,TIME-TAG, ,2,4/17/12
lcdi02a3q,G140L,1280,PSA,EXTERNAL/SCI,SPECTROSCOPIC,TIME-TAG, ,2,10/26/14
lcdi02aaq,G140L,1280,PSA,EXTERNAL/SCI,SPECTROSCOPIC,TIME-TAG, ,2,10/26/14
lcdi02yiq,G140L,1280,PSA,EXTERNAL/SCI,SPECTROSCOPIC,TIME-TAG, ,2,10/26/14
lcdi02yuq,G140L,1280,PSA,EXTERNAL/SCI,SPECTROSCOPIC,TIME-TAG, ,2,10/26/14
lcdi02yxq,G140L,1280,PSA,EXTERNAL/SCI,SPECTROSCOPIC,TIME-TAG, ,2,10/26/14
lcdi02zaq,G140L,1280,PSA,EXTERNAL/SCI,SPECTROSCOPIC,TIME-TAG, ,2,10/26/14
lcdi02ziq,G140L,1280,PSA,EXTERNAL/SCI,SPECTROSCOPIC,TIME-TAG, ,2,10/26/14
lcdi02zqq,G140L,1280,PSA,EXTERNAL/SCI,SPECTROSCOPIC,TIME-TAG, ,2,10/26/14
lcdi02zyq,G140L,1280,PSA,EXTERNAL/SCI,SPECTROSCOPIC,TIME-TAG, ,2,10/26/14
lcix06alq,MIRRORA,0,BOA,ACQ/IMAGE,IMAGING,ACCUM, ,1,2/9/15
lcix06bzq,G130M,1309,PSA,ACQ/PEAKD,SPECTROSCOPIC,ACCUM, ,3,2/9/15
lcix06c7q,G160M,1600,PSA,ACQ/SEARCH,SPECTROSCOPIC,ACCUM, ,3,2/9/15
lcpb01hrs,G130M,1291,PSA,EXTERNAL/SCI,SPECTROSCOPIC,TIME-TAG, ,3,9/23/14
lcpb01hts,G130M,1291,PSA,EXTERNAL/SCI,SPECTROSCOPIC,TIME-TAG, ,3,9/23/14
lcpb01hvs,G130M,1291,PSA,EXTERNAL/SCI,SPECTROSCOPIC,TIME-TAG, ,3,9/23/14
lcpb01hxs,G130M,1291,PSA,EXTERNAL/SCI,SPECTROSCOPIC,TIME-TAG, ,3,9/23/14
lcpb01hzs,G130M,1300,PSA,EXTERNAL/SCI,SPECTROSCOPIC,TIME-TAG, ,3,9/23/14
lcpb01i1s,G130M,1300,PSA,EXTERNAL/SCI,SPECTROSCOPIC,TIME-TAG, ,3,9/23/14
lcpb01i3s,G130M,1300,PSA,EXTERNAL/SCI,SPECTROSCOPIC,TIME-TAG, ,3,9/23/14
lcpb01i5s,G130M,1300,PSA,EXTERNAL/SCI,SPECTROSCOPIC,TIME-TAG, ,3,9/23/14
lcpb01i7s,G130M,1222,PSA,EXTERNAL/SCI,SPECTROSCOPIC,TIME-TAG, ,3,9/23/14
lcpb01i9s,G130M,1222,PSA,EXTERNAL/SCI,SPECTROSCOPIC,TIME-TAG, ,3,9/23/14
lcpb01ibs,G130M,1222,PSA,EXTERNAL/SCI,SPECTROSCOPIC,TIME-TAG, ,3,9/23/14
lcpb01ids,G130M,1222,PSA,EXTERNAL/SCI,SPECTROSCOPIC,TIME-TAG, ,3,9/23/14
lcpb01ifs,G130M,1327,PSA,EXTERNAL/SCI,SPECTROSCOPIC,TIME-TAG, ,3,9/23/14
lcpb01ihs,G130M,1327,PSA,EXTERNAL/SCI,SPECTROSCOPIC,TIME-TAG, ,3,9/23/14
lcpb01ijs,G130M,1327,PSA,EXTERNAL/SCI,SPECTROSCOPIC,TIME-TAG, ,3,9/23/14
lcpb01ils,G130M,1327,PSA,EXTERNAL/SCI,SPECTROSCOPIC,TIME-TAG, ,3,9/23/14
lcpb02ecq,G130M,1309,PSA,EXTERNAL/SCI,SPECTROSCOPIC,TIME-TAG, ,3,9/22/14
lcpb02eeq,G130M,1309,PSA,EXTERNAL/SCI,SPECTROSCOPIC,TIME-TAG, ,3,9/22/14
lcpb02egq,G130M,1309,PSA,EXTERNAL/SCI,SPECTROSCOPIC,TIME-TAG, ,3,9/22/14
lcpb02eiq,G130M,1309,PSA,EXTERNAL/SCI,SPECTROSCOPIC,TIME-TAG, ,3,9/22/14
lcpb02ekq,G130M,1318,PSA,EXTERNAL/SCI,SPECTROSCOPIC,TIME-TAG, ,3,9/22/14
lcpb02emq,G130M,1318,PSA,EXTERNAL/SCI,SPECTROSCOPIC,TIME-TAG, ,3,9/22/14
lcpb02eoq,G130M,1318,PSA,EXTERNAL/SCI,SPECTROSCOPIC,TIME-TAG, ,3,9/22/14
lcpb02eqq,G130M,1318,PSA,EXTERNAL/SCI,SPECTROSCOPIC,TIME-TAG, ,3,9/22/14
lcpb03cgq,G160M,1577,PSA,EXTERNAL/SCI,SPECTROSCOPIC,TIME-TAG, ,3,9/22/14
lcpb03ciq,G160M,1577,PSA,EXTERNAL/SCI,SPECTROSCOPIC,TIME-TAG, ,3,9/22/14
lcpb03ckq,G160M,1577,PSA,EXTERNAL/SCI,SPECTROSCOPIC,TIME-TAG, ,3,9/22/14
lcpb03ctq,G160M,1577,PSA,EXTERNAL/SCI,SPECTROSCOPIC,TIME-TAG, ,3,9/22/14
lcpb03cwq,G160M,1600,PSA,EXTERNAL/SCI,SPECTROSCOPIC,TIME-TAG, ,3,9/22/14
lcpb03d1q,G160M,1600,PSA,EXTERNAL/SCI,SPECTROSCOPIC,TIME-TAG, ,3,9/22/14
lcpb03dbq,G160M,1600,PSA,EXTERNAL/SCI,SPECTROSCOPIC,TIME-TAG, ,3,9/22/14
lcpb03deq,G160M,1600,PSA,EXTERNAL/SCI,SPECTROSCOPIC,TIME-TAG, ,3,9/22/14
lcpb03djq,G160M,1589,PSA,EXTERNAL/SCI,SPECTROSCOPIC,TIME-TAG, ,3,9/22/14
lcpb03dsq,G160M,1589,PSA,EXTERNAL/SCI,SPECTROSCOPIC,TIME-TAG, ,3,9/22/14
lcpb03duq,G160M,1589,PSA,EXTERNAL/SCI,SPECTROSCOPIC,TIME-TAG, ,3,9/22/14
lcpb03dwq,G160M,1589,PSA,EXTERNAL/SCI,SPECTROSCOPIC,TIME-TAG, ,3,9/22/14
lcpb03dyq,G140L,1105,PSA,EXTERNAL/SCI,SPECTROSCOPIC,TIME-TAG, ,3,9/22/14
lcpb03e0q,G140L,1105,PSA,EXTERNAL/SCI,SPECTROSCOPIC,TIME-TAG, ,3,9/22/14
lcpb03e2q,G140L,1105,PSA,EXTERNAL/SCI,SPECTROSCOPIC,TIME-TAG, ,3,9/22/14
lcpb03e4q,G140L,1105,PSA,EXTERNAL/SCI,SPECTROSCOPIC,TIME-TAG, ,3,9/22/14
lcpb04irs,G140L,1280,PSA,EXTERNAL/SCI,SPECTROSCOPIC,TIME-TAG, ,3,9/23/14
lcpb04its,G140L,1280,PSA,EXTERNAL/SCI,SPECTROSCOPIC,TIME-TAG, ,3,9/23/14
lcpb04ivs,G140L,1280,PSA,EXTERNAL/SCI,SPECTROSCOPIC,TIME-TAG, ,3,9/23/14
lcpb04ixs,G140L,1280,PSA,EXTERNAL/SCI,SPECTROSCOPIC,TIME-TAG, ,3,9/23/14
lcpb04izs,G160M,1623,PSA,EXTERNAL/SCI,SPECTROSCOPIC,TIME-TAG, ,3,9/23/14
lcpb04j1s,G160M,1623,PSA,EXTERNAL/SCI,SPECTROSCOPIC,TIME-TAG, ,3,9/23/14
lcpb04j3s,G160M,1623,PSA,EXTERNAL/SCI,SPECTROSCOPIC,TIME-TAG, ,3,9/23/14
lcpb04j5s,G160M,1623,PSA,EXTERNAL/SCI,SPECTROSCOPIC,TIME-TAG, ,3,9/23/14
lcpb04j7s,G160M,1611,PSA,EXTERNAL/SCI,SPECTROSCOPIC,TIME-TAG, ,3,9/23/14
lcpb04j9s,G160M,1611,PSA,EXTERNAL/SCI,SPECTROSCOPIC,TIME-TAG, ,3,9/23/14
lcpb04jbs,G160M,1611,PSA,EXTERNAL/SCI,SPECTROSCOPIC,TIME-TAG, ,3,9/23/14
lcpb04jhs,G160M,1611,PSA,EXTERNAL/SCI,SPECTROSCOPIC,TIME-TAG, ,3,9/24/14
lcpb05iiq,G160M,1577,PSA,EXTERNAL/SCI,SPECTROSCOPIC,TIME-TAG, ,3,9/27/14
lcpb05ikq,G160M,1577,PSA,EXTERNAL/SCI,SPECTROSCOPIC,TIME-TAG, ,3,9/27/14
lcpb05imq,G160M,1577,PSA,EXTERNAL/SCI,SPECTROSCOPIC,TIME-TAG, ,3,9/27/14
lcpb05ioq,G160M,1577,PSA,EXTERNAL/SCI,SPECTROSCOPIC,TIME-TAG, ,3,9/27/14
lcpb05iyq,G160M,1600,PSA,EXTERNAL/SCI,SPECTROSCOPIC,TIME-TAG, ,3,9/27/14
lcpb05j0q,G160M,1600,PSA,EXTERNAL/SCI,SPECTROSCOPIC,TIME-TAG, ,3,9/27/14
lcpb05j2q,G160M,1600,PSA,EXTERNAL/SCI,SPECTROSCOPIC,TIME-TAG, ,3,9/27/14
lcpb05j4q,G160M,1600,PSA,EXTERNAL/SCI,SPECTROSCOPIC,TIME-TAG, ,3,9/27/14
lcpb05j6q,G160M,1623,PSA,EXTERNAL/SCI,SPECTROSCOPIC,TIME-TAG, ,3,9/27/14
lcpb05j8q,G160M,1623,PSA,EXTERNAL/SCI,SPECTROSCOPIC,TIME-TAG, ,3,9/27/14
lcpb05jaq,G160M,1623,PSA,EXTERNAL/SCI,SPECTROSCOPIC,TIME-TAG, ,3,9/27/14
lcpb05jcq,G160M,1623,PSA,EXTERNAL/SCI,SPECTROSCOPIC,TIME-TAG, ,3,9/27/14
lcpb05jeq,G160M,1611,PSA,EXTERNAL/SCI,SPECTROSCOPIC,TIME-TAG, ,3,9/27/14
lcpb05jgq,G160M,1611,PSA,EXTERNAL/SCI,SPECTROSCOPIC,TIME-TAG, ,3,9/27/14
lcpb05jiq,G160M,1611,PSA,EXTERNAL/SCI,SPECTROSCOPIC,TIME-TAG, ,3,9/27/14
lcpb05jkq,G160M,1611,PSA,EXTERNAL/SCI,SPECTROSCOPIC,TIME-TAG, ,3,9/27/14
lcr90exeq,N/A,0,N/A,DARK,IMAGING,TIME-TAG, ,-999,11/14/14
lbxi16d6q,N/A,0,N/A,DARK,IMAGING,TIME-TAG, ,-999,6/4/12
lce804h8q,G130M,1222,PSA,EXTERNAL/SCI,SPECTROSCOPIC,TIME-TAG, ,2,2/22/14
lce823m5q,G130M,1096,PSA,EXTERNAL/SCI,SPECTROSCOPIC,TIME-TAG, ,2,2/18/14
lce823m7q,G130M,1096,WCA,WAVECAL,SPECTROSCOPIC,TIME-TAG, ,2,2/18/14
lcix05q3q,G140L,0,PSA,ACQ/PEAKXD,SPECTROSCOPIC,ACCUM, ,3,10/29/14
lcix05q4q,G130M,0,PSA,ACQ/PEAKXD,SPECTROSCOPIC,ACCUM, ,3,10/29/14
lcix05q5q,G160M,0,PSA,ACQ/PEAKXD,SPECTROSCOPIC,ACCUM, ,3,10/29/14
lcix06c3q,G130M,0,PSA,ACQ/PEAKXD,SPECTROSCOPIC,ACCUM, ,3,2/9/15
lcix06cfq,G160M,1600,PSA,ACQ/PEAKD,SPECTROSCOPIC,ACCUM, ,3,2/9/15
lcix06cjq,G160M,0,PSA,ACQ/PEAKXD,SPECTROSCOPIC,ACCUM, ,3,2/9/15
lcos29a1q,G130M,1291,PSA,ACQ/PEAKXD,SPECTROSCOPIC,ACCUM, ,3,3/8/15
lcos29a2q,G130M,1291,PSA,ACQ/PEAKD,SPECTROSCOPIC,ACCUM, ,3,3/8/15
lcqz08cwq,G130M,1222,PSA,EXTERNAL/SCI,SPECTROSCOPIC,TIME-TAG, ,3,6/8/15
lcqz30l4q,G130M,1096,PSA,EXTERNAL/SCI,SPECTROSCOPIC,TIME-TAG, ,2,8/15/15
lcqz30l7q,G130M,1096,WCA,WAVECAL,SPECTROSCOPIC,TIME-TAG, ,2,8/15/15
lcx210y8q,G130M,1291,PSA,EXTERNAL/SCI,SPECTROSCOPIC,TIME-TAG, ,3,11/3/16
lcx210ydq,G130M,1291,PSA,EXTERNAL/SCI,SPECTROSCOPIC,TIME-TAG, ,3,11/3/16
lcx210yqq,G130M,1291,PSA,EXTERNAL/SCI,SPECTROSCOPIC,TIME-TAG, ,3,11/4/16
lcx210ztq,G130M,1291,PSA,EXTERNAL/SCI,SPECTROSCOPIC,TIME-TAG, ,3,11/4/16
lcyib2euq,G185M,1913,PSA,ACQ/PEAKXD,SPECTROSCOPIC,ACCUM, ,1,11/14/16
lcyib2evq,G185M,1913,PSA,ACQ/PEAKD,SPECTROSCOPIC,ACCUM, ,1,11/14/16
lcyid1a5q,G130M,1291,PSA,ACQ/PEAKXD,SPECTROSCOPIC,ACCUM, ,3,11/13/16
lcyid1a6q,G130M,1291,PSA,ACQ/PEAKD,SPECTROSCOPIC,ACCUM, ,3,11/13/16
ld0y10dkq,G130M,1222,PSA,EXTERNAL/SCI,SPECTROSCOPIC,TIME-TAG, ,3,8/22/16
ld0y15j6q,G130M,1096,PSA,EXTERNAL/SCI,SPECTROSCOPIC,TIME-TAG, ,2,4/20/16
ld0y15jaq,G130M,1096,WCA,WAVECAL,SPECTROSCOPIC,TIME-TAG, ,2,4/20/16
ld7y02rpq,G130M,1309,PSA,ACQ/SEARCH,SPECTROSCOPIC,ACCUM, ,3,11/30/16
ld7y02rqq,G130M,1309,PSA,ACQ/PEAKXD,SPECTROSCOPIC,ACCUM, ,3,12/1/16
ld7y02rrq,G130M,1309,PSA,ACQ/PEAKD,SPECTROSCOPIC,ACCUM, ,3,12/1/16
ld9m18oaq,G230L,3000,PSA,ACQ/SEARCH,SPECTROSCOPIC,ACCUM, ,1,12/21/16
ld9m18obq,G230L,3000,PSA,ACQ/PEAKXD,SPECTROSCOPIC,ACCUM, ,1,12/21/16
ld9m18ocq,G230L,3000,PSA,ACQ/PEAKD,SPECTROSCOPIC,ACCUM, ,1,12/21/16
lda927lpq,MIRRORA,0,BOA,ACQ/IMAGE,IMAGING,ACCUM, ,1,12/20/16
lda938f5q,MIRRORA,0,BOA,ACQ/IMAGE,IMAGING,ACCUM, ,1,11/17/16
ldb201ofq,G130M,1291,RelMvReq,EXTERNAL/SCI,SPECTROSCOPIC,TIME-TAG, ,-1,8/24/16
ldb201ohq,G130M,1291,RelMvReq,EXTERNAL/SCI,SPECTROSCOPIC,TIME-TAG, ,-1,8/24/16
ldb201ojq,G130M,1291,RelMvReq,EXTERNAL/SCI,SPECTROSCOPIC,TIME-TAG, ,-1,8/24/16
ldb201olq,G130M,1291,RelMvReq,EXTERNAL/SCI,SPECTROSCOPIC,TIME-TAG, ,-1,8/24/16
ldb201otq,G130M,1222,RelMvReq,EXTERNAL/SCI,SPECTROSCOPIC,TIME-TAG, ,-1,8/25/16
ldb201owq,G130M,1222,RelMvReq,EXTERNAL/SCI,SPECTROSCOPIC,TIME-TAG, ,-1,8/25/16
ldb201poq,G130M,1222,RelMvReq,EXTERNAL/SCI,SPECTROSCOPIC,TIME-TAG, ,-1,8/25/16
ldb201pqq,G130M,1222,RelMvReq,EXTERNAL/SCI,SPECTROSCOPIC,TIME-TAG, ,-1,8/25/16
ldc1b1waq,G130M,1309,RelMvReq,FLAT,SPECTROSCOPIC,TIME-TAG, ,-1,10/16/16
ldc1b2bsq,G130M,1309,RelMvReq,FLAT,SPECTROSCOPIC,TIME-TAG, ,-1,10/17/16
ldc1b2bzq,G160M,1600,RelMvReq,FLAT,SPECTROSCOPIC,TIME-TAG, ,-1,10/17/16
ldc1b2c2q,G160M,1600,RelMvReq,FLAT,SPECTROSCOPIC,TIME-TAG, ,-1,10/17/16
ldc1d1e5q,G130M,1309,RelMvReq,FLAT,SPECTROSCOPIC,TIME-TAG, ,-1,11/7/16
ldd306cbq,N/A,0,N/A,DARK,IMAGING,TIME-TAG, ,-999,11/7/16
ldaf15dhq,MIRRORA,0,PSA,ACQ/IMAGE,IMAGING,ACCUM, ,1,1/16/17
ldao27cgq,MIRRORB,0,PSA,ACQ/IMAGE,IMAGING,ACCUM, ,1,1/16/17
ldcv02ylq,G130M,1222,PSA,EXTERNAL/SCI,SPECTROSCOPIC,TIME-TAG, ,3,12/29/16
ldcv02z9q,G140L,1105,PSA,EXTERNAL/SCI,SPECTROSCOPIC,TIME-TAG, ,3,12/29/16
ld7y02rqq,G130M,1309,PSA,ACQ/PEAKXD,SPECTROSCOPIC,ACCUM, ,3,12/1/16
ld7y02rpq,G130M,1309,PSA,ACQ/SEARCH,SPECTROSCOPIC,ACCUM, ,3,11/30/16
ld7y02rrq,G130M,1309,PSA,ACQ/PEAKD,SPECTROSCOPIC,ACCUM, ,3,12/1/16
ld9m18oaq,G230L,3000,PSA,ACQ/SEARCH,SPECTROSCOPIC,ACCUM, ,1,12/21/16
ld9m18obq,G230L,3000,PSA,ACQ/PEAKXD,SPECTROSCOPIC,ACCUM, ,1,12/21/16
ld9m18ocq,G230L,3000,PSA,ACQ/PEAKD,SPECTROSCOPIC,ACCUM, ,1,12/21/16
lda927lpq,MIRRORA,0,BOA,ACQ/IMAGE,IMAGING,ACCUM, ,1,12/20/16